mID,Date,RoomNumber,cID,ClassName,StartHour,EndHour,MeetingDurationMinutes,Year,Month
0,2020-06-22 07:00:00,361,9,A18,7,8,35,2020,06
1,2020-06-22 08:00:00,769,17,A18,8,9,35,2020,06
2,2020-06-22 09:00:00,947,5,A18,9,10,35,2020,06
3,2020-06-22 10:00:00,779,38,A18,10,11,35,2020,06
4,2020-06-22 07:00:00,348,1,A17,7,8,35,2020,06
5,2020-06-22 08:00:00,256,39,A17,8,9,35,2020,06
6,2020-06-22 07:00:00,256,40,A16,7,8,35,2020,06
7,2020-06-22 08:00:00,843,8,A16,8,9,35,2020,06
8,2020-06-22 09:00:00,348,4,A16,9,10,35,2020,06
9,2020-06-22 10:00:00,348,14,A16,10,11,35,2020,06
10,2020-06-22 11:00:00,769,18,A16,11,12,35,2020,06
11,2020-06-22 12:00:00,348,19,A16,12,13,35,2020,06
12,2020-06-22 13:00:00,256,16,A16,13,14,35,2020,06
13,2020-06-22 07:00:00,478,3,A15,7,8,35,2020,06
14,2020-06-22 08:00:00,348,2,A15,8,9,35,2020,06
15,2020-06-22 09:00:00,478,15,A15,9,10,35,2020,06
16,2020-06-22 10:00:00,256,41,A15,10,11,35,2020,06
17,2020-06-22 07:00:00,781,10,A14,7,8,35,2020,06
18,2020-06-22 08:00:00,947,11,A14,8,9,35,2020,06
19,2020-06-22 11:00:00,256,42,A14,11,12,35,2020,06
20,2020-06-22 07:00:00,843,44,B18,7,8,35,2020,06
21,2020-06-22 08:00:00,361,5,B18,8,9,35,2020,06
22,2020-06-22 09:00:00,769,17,B18,9,10,35,2020,06
23,2020-06-22 10:00:00,361,9,B18,10,11,35,2020,06
24,2020-06-22 07:00:00,687,45,B17,7,8,35,2020,06
25,2020-06-22 08:00:00,781,1,B17,8,9,35,2020,06
26,2020-06-22 07:00:00,779,19,B16,7,8,35,2020,06
27,2020-06-22 08:00:00,687,16,B16,8,9,35,2020,06
28,2020-06-22 09:00:00,361,8,B16,9,10,35,2020,06
29,2020-06-22 11:00:00,478,46,B16,11,12,35,2020,06
30,2020-06-22 12:00:00,361,4,B16,12,13,35,2020,06
31,2020-06-22 13:00:00,478,14,B16,13,14,35,2020,06
32,2020-06-22 14:00:00,947,18,B16,14,15,35,2020,06
33,2020-06-22 09:00:00,843,3,B15,9,10,35,2020,06
34,2020-06-22 10:00:00,843,47,B15,10,11,35,2020,06
35,2020-06-22 12:00:00,779,15,B15,12,13,35,2020,06
36,2020-06-22 14:00:00,256,2,B15,14,15,35,2020,06
37,2020-06-22 10:00:00,687,11,B14,10,11,35,2020,06
38,2020-06-22 13:00:00,687,48,B14,13,14,35,2020,06
39,2020-06-22 15:00:00,256,10,B14,15,16,35,2020,06
40,2020-06-22 07:00:00,769,17,C18,7,8,35,2020,06
41,2020-06-22 13:00:00,843,9,C18,13,14,35,2020,06
42,2020-06-22 14:00:00,781,5,C18,14,15,35,2020,06
43,2020-06-22 15:00:00,779,50,C18,15,16,35,2020,06
44,2020-06-22 09:00:00,256,1,C17,9,10,35,2020,06
45,2020-06-22 15:00:00,348,51,C17,15,16,35,2020,06
46,2020-06-22 09:00:00,687,16,C16,9,10,35,2020,06
47,2020-06-22 10:00:00,947,8,C16,10,11,35,2020,06
48,2020-06-22 11:00:00,781,52,C16,11,12,35,2020,06
49,2020-06-22 16:00:00,779,4,C16,16,17,35,2020,06
50,2020-06-22 17:00:00,687,14,C16,17,18,35,2020,06
51,2020-06-22 18:00:00,781,18,C16,18,19,35,2020,06
52,2020-06-22 11:00:00,361,3,C15,11,12,35,2020,06
53,2020-06-22 16:00:00,256,15,C15,16,17,35,2020,06
54,2020-06-22 18:00:00,256,2,C15,18,19,35,2020,06
55,2020-06-22 10:00:00,781,54,C14,10,11,35,2020,06
56,2020-06-22 12:00:00,947,11,C14,12,13,35,2020,06
57,2020-06-23 07:00:00,947,9,A18,7,8,35,2020,06
58,2020-06-23 08:00:00,947,17,A18,8,9,35,2020,06
59,2020-06-23 09:00:00,478,5,A18,9,10,35,2020,06
60,2020-06-23 10:00:00,781,38,A18,10,11,35,2020,06
61,2020-06-23 07:00:00,361,1,A17,7,8,35,2020,06
62,2020-06-23 08:00:00,256,39,A17,8,9,35,2020,06
63,2020-06-23 07:00:00,478,40,A16,7,8,35,2020,06
64,2020-06-23 08:00:00,348,8,A16,8,9,35,2020,06
65,2020-06-23 09:00:00,947,4,A16,9,10,35,2020,06
66,2020-06-23 10:00:00,348,14,A16,10,11,35,2020,06
67,2020-06-23 11:00:00,348,18,A16,11,12,35,2020,06
68,2020-06-23 12:00:00,348,19,A16,12,13,35,2020,06
69,2020-06-23 13:00:00,687,16,A16,13,14,35,2020,06
70,2020-06-23 07:00:00,256,3,A15,7,8,35,2020,06
71,2020-06-23 08:00:00,687,2,A15,8,9,35,2020,06
72,2020-06-23 09:00:00,769,15,A15,9,10,35,2020,06
73,2020-06-23 10:00:00,843,41,A15,10,11,35,2020,06
74,2020-06-23 07:00:00,779,10,A14,7,8,35,2020,06
75,2020-06-23 08:00:00,769,11,A14,8,9,35,2020,06
76,2020-06-23 11:00:00,779,42,A14,11,12,35,2020,06
77,2020-06-23 07:00:00,843,44,B18,7,8,35,2020,06
78,2020-06-23 08:00:00,779,5,B18,8,9,35,2020,06
79,2020-06-23 09:00:00,779,17,B18,9,10,35,2020,06
80,2020-06-23 10:00:00,947,9,B18,10,11,35,2020,06
81,2020-06-23 07:00:00,687,45,B17,7,8,35,2020,06
82,2020-06-23 08:00:00,478,1,B17,8,9,35,2020,06
83,2020-06-23 07:00:00,769,19,B16,7,8,35,2020,06
84,2020-06-23 08:00:00,781,16,B16,8,9,35,2020,06
85,2020-06-23 09:00:00,256,8,B16,9,10,35,2020,06
86,2020-06-23 11:00:00,687,46,B16,11,12,35,2020,06
87,2020-06-23 12:00:00,947,4,B16,12,13,35,2020,06
88,2020-06-23 13:00:00,843,14,B16,13,14,35,2020,06
89,2020-06-23 14:00:00,687,18,B16,14,15,35,2020,06
90,2020-06-23 09:00:00,348,3,B15,9,10,35,2020,06
91,2020-06-23 10:00:00,478,47,B15,10,11,35,2020,06
92,2020-06-23 12:00:00,779,15,B15,12,13,35,2020,06
93,2020-06-23 14:00:00,779,2,B15,14,15,35,2020,06
94,2020-06-23 10:00:00,779,11,B14,10,11,35,2020,06
95,2020-06-23 13:00:00,781,48,B14,13,14,35,2020,06
96,2020-06-23 15:00:00,947,10,B14,15,16,35,2020,06
97,2020-06-23 07:00:00,348,17,C18,7,8,35,2020,06
98,2020-06-23 13:00:00,779,9,C18,13,14,35,2020,06
99,2020-06-23 14:00:00,781,5,C18,14,15,35,2020,06
100,2020-06-23 15:00:00,361,50,C18,15,16,35,2020,06
101,2020-06-23 09:00:00,687,1,C17,9,10,35,2020,06
102,2020-06-23 15:00:00,687,51,C17,15,16,35,2020,06
103,2020-06-23 09:00:00,843,16,C16,9,10,35,2020,06
104,2020-06-23 10:00:00,256,8,C16,10,11,35,2020,06
105,2020-06-23 11:00:00,256,52,C16,11,12,35,2020,06
106,2020-06-23 16:00:00,947,4,C16,16,17,35,2020,06
107,2020-06-23 17:00:00,361,14,C16,17,18,35,2020,06
108,2020-06-23 18:00:00,781,18,C16,18,19,35,2020,06
109,2020-06-23 11:00:00,478,3,C15,11,12,35,2020,06
110,2020-06-23 16:00:00,781,15,C15,16,17,35,2020,06
111,2020-06-23 18:00:00,256,2,C15,18,19,35,2020,06
112,2020-06-23 10:00:00,361,54,C14,10,11,35,2020,06
113,2020-06-23 12:00:00,687,11,C14,12,13,35,2020,06
114,2020-06-24 07:00:00,478,9,A18,7,8,35,2020,06
115,2020-06-24 08:00:00,781,17,A18,8,9,35,2020,06
116,2020-06-24 09:00:00,781,5,A18,9,10,35,2020,06
117,2020-06-24 10:00:00,947,38,A18,10,11,35,2020,06
118,2020-06-24 07:00:00,779,1,A17,7,8,35,2020,06
119,2020-06-24 08:00:00,769,39,A17,8,9,35,2020,06
120,2020-06-24 07:00:00,769,40,A16,7,8,35,2020,06
121,2020-06-24 08:00:00,947,8,A16,8,9,35,2020,06
122,2020-06-24 09:00:00,478,4,A16,9,10,35,2020,06
123,2020-06-24 10:00:00,361,14,A16,10,11,35,2020,06
124,2020-06-24 11:00:00,779,18,A16,11,12,35,2020,06
125,2020-06-24 12:00:00,348,19,A16,12,13,35,2020,06
126,2020-06-24 13:00:00,478,16,A16,13,14,35,2020,06
127,2020-06-24 07:00:00,843,3,A15,7,8,35,2020,06
128,2020-06-24 08:00:00,687,2,A15,8,9,35,2020,06
129,2020-06-24 09:00:00,843,15,A15,9,10,35,2020,06
130,2020-06-24 10:00:00,769,41,A15,10,11,35,2020,06
131,2020-06-24 07:00:00,687,10,A14,7,8,35,2020,06
132,2020-06-24 08:00:00,256,11,A14,8,9,35,2020,06
133,2020-06-24 11:00:00,843,42,A14,11,12,35,2020,06
134,2020-06-24 07:00:00,348,44,B18,7,8,35,2020,06
135,2020-06-24 08:00:00,478,5,B18,8,9,35,2020,06
136,2020-06-24 09:00:00,348,17,B18,9,10,35,2020,06
137,2020-06-24 10:00:00,781,9,B18,10,11,35,2020,06
138,2020-06-24 07:00:00,361,45,B17,7,8,35,2020,06
139,2020-06-24 08:00:00,843,1,B17,8,9,35,2020,06
140,2020-06-24 07:00:00,947,19,B16,7,8,35,2020,06
141,2020-06-24 08:00:00,348,16,B16,8,9,35,2020,06
142,2020-06-24 09:00:00,256,8,B16,9,10,35,2020,06
143,2020-06-24 11:00:00,781,46,B16,11,12,35,2020,06
144,2020-06-24 12:00:00,478,4,B16,12,13,35,2020,06
145,2020-06-24 13:00:00,687,14,B16,13,14,35,2020,06
146,2020-06-24 14:00:00,478,18,B16,14,15,35,2020,06
147,2020-06-24 09:00:00,947,3,B15,9,10,35,2020,06
148,2020-06-24 10:00:00,348,47,B15,10,11,35,2020,06
149,2020-06-24 12:00:00,361,15,B15,12,13,35,2020,06
150,2020-06-24 14:00:00,843,2,B15,14,15,35,2020,06
151,2020-06-24 10:00:00,687,11,B14,10,11,35,2020,06
152,2020-06-24 13:00:00,769,48,B14,13,14,35,2020,06
153,2020-06-24 15:00:00,256,10,B14,15,16,35,2020,06
154,2020-06-24 07:00:00,256,17,C18,7,8,35,2020,06
155,2020-06-24 13:00:00,348,9,C18,13,14,35,2020,06
156,2020-06-24 14:00:00,781,5,C18,14,15,35,2020,06
157,2020-06-24 15:00:00,843,50,C18,15,16,35,2020,06
158,2020-06-24 09:00:00,361,1,C17,9,10,35,2020,06
159,2020-06-24 15:00:00,947,51,C17,15,16,35,2020,06
160,2020-06-24 09:00:00,779,16,C16,9,10,35,2020,06
161,2020-06-24 10:00:00,256,8,C16,10,11,35,2020,06
162,2020-06-24 11:00:00,361,52,C16,11,12,35,2020,06
163,2020-06-24 16:00:00,361,4,C16,16,17,35,2020,06
164,2020-06-24 17:00:00,361,14,C16,17,18,35,2020,06
165,2020-06-24 18:00:00,256,18,C16,18,19,35,2020,06
166,2020-06-24 11:00:00,769,3,C15,11,12,35,2020,06
167,2020-06-24 16:00:00,843,15,C15,16,17,35,2020,06
168,2020-06-24 18:00:00,348,2,C15,18,19,35,2020,06
169,2020-06-24 10:00:00,779,54,C14,10,11,35,2020,06
170,2020-06-24 12:00:00,256,11,C14,12,13,35,2020,06
171,2020-06-25 07:00:00,348,9,A18,7,8,35,2020,06
172,2020-06-25 08:00:00,256,17,A18,8,9,35,2020,06
173,2020-06-25 09:00:00,843,5,A18,9,10,35,2020,06
174,2020-06-25 10:00:00,947,38,A18,10,11,35,2020,06
175,2020-06-25 07:00:00,947,1,A17,7,8,35,2020,06
176,2020-06-25 08:00:00,843,39,A17,8,9,35,2020,06
177,2020-06-25 07:00:00,779,40,A16,7,8,35,2020,06
178,2020-06-25 08:00:00,348,8,A16,8,9,35,2020,06
179,2020-06-25 09:00:00,478,4,A16,9,10,35,2020,06
180,2020-06-25 10:00:00,478,14,A16,10,11,35,2020,06
181,2020-06-25 11:00:00,256,18,A16,11,12,35,2020,06
182,2020-06-25 12:00:00,947,19,A16,12,13,35,2020,06
183,2020-06-25 13:00:00,361,16,A16,13,14,35,2020,06
184,2020-06-25 07:00:00,687,3,A15,7,8,35,2020,06
185,2020-06-25 08:00:00,478,2,A15,8,9,35,2020,06
186,2020-06-25 09:00:00,781,15,A15,9,10,35,2020,06
187,2020-06-25 10:00:00,256,41,A15,10,11,35,2020,06
188,2020-06-25 07:00:00,361,10,A14,7,8,35,2020,06
189,2020-06-25 08:00:00,781,11,A14,8,9,35,2020,06
190,2020-06-25 11:00:00,843,42,A14,11,12,35,2020,06
191,2020-06-25 07:00:00,256,44,B18,7,8,35,2020,06
192,2020-06-25 08:00:00,361,5,B18,8,9,35,2020,06
193,2020-06-25 09:00:00,769,17,B18,9,10,35,2020,06
194,2020-06-25 10:00:00,361,9,B18,10,11,35,2020,06
195,2020-06-25 07:00:00,478,45,B17,7,8,35,2020,06
196,2020-06-25 08:00:00,779,1,B17,8,9,35,2020,06
197,2020-06-25 07:00:00,843,19,B16,7,8,35,2020,06
198,2020-06-25 08:00:00,769,16,B16,8,9,35,2020,06
199,2020-06-25 09:00:00,348,8,B16,9,10,35,2020,06
200,2020-06-25 11:00:00,769,46,B16,11,12,35,2020,06
201,2020-06-25 12:00:00,687,4,B16,12,13,35,2020,06
202,2020-06-25 13:00:00,348,14,B16,13,14,35,2020,06
203,2020-06-25 14:00:00,478,18,B16,14,15,35,2020,06
204,2020-06-25 09:00:00,779,3,B15,9,10,35,2020,06
205,2020-06-25 10:00:00,687,47,B15,10,11,35,2020,06
206,2020-06-25 12:00:00,843,15,B15,12,13,35,2020,06
207,2020-06-25 14:00:00,947,2,B15,14,15,35,2020,06
208,2020-06-25 10:00:00,781,11,B14,10,11,35,2020,06
209,2020-06-25 13:00:00,843,48,B14,13,14,35,2020,06
210,2020-06-25 15:00:00,256,10,B14,15,16,35,2020,06
211,2020-06-25 07:00:00,781,17,C18,7,8,35,2020,06
212,2020-06-25 13:00:00,256,9,C18,13,14,35,2020,06
213,2020-06-25 14:00:00,781,5,C18,14,15,35,2020,06
214,2020-06-25 15:00:00,779,50,C18,15,16,35,2020,06
215,2020-06-25 09:00:00,947,1,C17,9,10,35,2020,06
216,2020-06-25 15:00:00,781,51,C17,15,16,35,2020,06
217,2020-06-25 09:00:00,687,16,C16,9,10,35,2020,06
218,2020-06-25 10:00:00,769,8,C16,10,11,35,2020,06
219,2020-06-25 11:00:00,687,52,C16,11,12,35,2020,06
220,2020-06-25 16:00:00,843,4,C16,16,17,35,2020,06
221,2020-06-25 17:00:00,947,14,C16,17,18,35,2020,06
222,2020-06-25 18:00:00,781,18,C16,18,19,35,2020,06
223,2020-06-25 11:00:00,781,3,C15,11,12,35,2020,06
224,2020-06-25 16:00:00,769,15,C15,16,17,35,2020,06
225,2020-06-25 18:00:00,361,2,C15,18,19,35,2020,06
226,2020-06-25 10:00:00,779,54,C14,10,11,35,2020,06
227,2020-06-25 12:00:00,781,11,C14,12,13,35,2020,06
228,2020-06-26 07:00:00,769,9,A18,7,8,35,2020,06
229,2020-06-26 08:00:00,779,17,A18,8,9,35,2020,06
230,2020-06-26 09:00:00,843,5,A18,9,10,35,2020,06
231,2020-06-26 10:00:00,779,38,A18,10,11,35,2020,06
232,2020-06-26 07:00:00,843,1,A17,7,8,35,2020,06
233,2020-06-26 08:00:00,687,39,A17,8,9,35,2020,06
234,2020-06-26 07:00:00,779,40,A16,7,8,35,2020,06
235,2020-06-26 08:00:00,843,8,A16,8,9,35,2020,06
236,2020-06-26 09:00:00,687,4,A16,9,10,35,2020,06
237,2020-06-26 10:00:00,348,14,A16,10,11,35,2020,06
238,2020-06-26 11:00:00,947,18,A16,11,12,35,2020,06
239,2020-06-26 12:00:00,781,19,A16,12,13,35,2020,06
240,2020-06-26 13:00:00,779,16,A16,13,14,35,2020,06
241,2020-06-26 07:00:00,348,3,A15,7,8,35,2020,06
242,2020-06-26 08:00:00,348,2,A15,8,9,35,2020,06
243,2020-06-26 09:00:00,348,15,A15,9,10,35,2020,06
244,2020-06-26 10:00:00,781,41,A15,10,11,35,2020,06
245,2020-06-26 07:00:00,256,10,A14,7,8,35,2020,06
246,2020-06-26 08:00:00,769,11,A14,8,9,35,2020,06
247,2020-06-26 11:00:00,478,42,A14,11,12,35,2020,06
248,2020-06-26 07:00:00,781,44,B18,7,8,35,2020,06
249,2020-06-26 08:00:00,256,5,B18,8,9,35,2020,06
250,2020-06-26 09:00:00,478,17,B18,9,10,35,2020,06
251,2020-06-26 10:00:00,769,9,B18,10,11,35,2020,06
252,2020-06-26 07:00:00,687,45,B17,7,8,35,2020,06
253,2020-06-26 08:00:00,781,1,B17,8,9,35,2020,06
254,2020-06-26 07:00:00,478,19,B16,7,8,35,2020,06
255,2020-06-26 08:00:00,361,16,B16,8,9,35,2020,06
256,2020-06-26 09:00:00,781,8,B16,9,10,35,2020,06
257,2020-06-26 11:00:00,769,46,B16,11,12,35,2020,06
258,2020-06-26 12:00:00,478,4,B16,12,13,35,2020,06
259,2020-06-26 13:00:00,947,14,B16,13,14,35,2020,06
260,2020-06-26 14:00:00,478,18,B16,14,15,35,2020,06
261,2020-06-26 09:00:00,779,3,B15,9,10,35,2020,06
262,2020-06-26 10:00:00,256,47,B15,10,11,35,2020,06
263,2020-06-26 12:00:00,779,15,B15,12,13,35,2020,06
264,2020-06-26 14:00:00,947,2,B15,14,15,35,2020,06
265,2020-06-26 10:00:00,361,11,B14,10,11,35,2020,06
266,2020-06-26 13:00:00,478,48,B14,13,14,35,2020,06
267,2020-06-26 15:00:00,779,10,B14,15,16,35,2020,06
268,2020-06-26 07:00:00,947,17,C18,7,8,35,2020,06
269,2020-06-26 13:00:00,687,9,C18,13,14,35,2020,06
270,2020-06-26 14:00:00,361,5,C18,14,15,35,2020,06
271,2020-06-26 15:00:00,781,50,C18,15,16,35,2020,06
272,2020-06-26 09:00:00,769,1,C17,9,10,35,2020,06
273,2020-06-26 15:00:00,361,51,C17,15,16,35,2020,06
274,2020-06-26 09:00:00,947,16,C16,9,10,35,2020,06
275,2020-06-26 10:00:00,947,8,C16,10,11,35,2020,06
276,2020-06-26 11:00:00,256,52,C16,11,12,35,2020,06
277,2020-06-26 16:00:00,348,4,C16,16,17,35,2020,06
278,2020-06-26 17:00:00,947,14,C16,17,18,35,2020,06
279,2020-06-26 18:00:00,769,18,C16,18,19,35,2020,06
280,2020-06-26 11:00:00,843,3,C15,11,12,35,2020,06
281,2020-06-26 16:00:00,947,15,C15,16,17,35,2020,06
282,2020-06-26 18:00:00,348,2,C15,18,19,35,2020,06
283,2020-06-26 10:00:00,843,54,C14,10,11,35,2020,06
284,2020-06-26 12:00:00,256,11,C14,12,13,35,2020,06
285,2020-06-29 07:00:00,361,9,A18,7,8,35,2020,06
286,2020-06-29 08:00:00,348,17,A18,8,9,35,2020,06
287,2020-06-29 09:00:00,478,5,A18,9,10,35,2020,06
288,2020-06-29 10:00:00,478,38,A18,10,11,35,2020,06
289,2020-06-29 07:00:00,256,1,A17,7,8,35,2020,06
290,2020-06-29 08:00:00,843,39,A17,8,9,35,2020,06
291,2020-06-29 07:00:00,843,40,A16,7,8,35,2020,06
292,2020-06-29 08:00:00,478,8,A16,8,9,35,2020,06
293,2020-06-29 09:00:00,947,4,A16,9,10,35,2020,06
294,2020-06-29 10:00:00,947,14,A16,10,11,35,2020,06
295,2020-06-29 11:00:00,779,18,A16,11,12,35,2020,06
296,2020-06-29 12:00:00,779,19,A16,12,13,35,2020,06
297,2020-06-29 13:00:00,769,16,A16,13,14,35,2020,06
298,2020-06-29 07:00:00,348,3,A15,7,8,35,2020,06
299,2020-06-29 08:00:00,947,2,A15,8,9,35,2020,06
300,2020-06-29 09:00:00,256,15,A15,9,10,35,2020,06
301,2020-06-29 10:00:00,781,41,A15,10,11,35,2020,06
302,2020-06-29 07:00:00,781,10,A14,7,8,35,2020,06
303,2020-06-29 08:00:00,687,11,A14,8,9,35,2020,06
304,2020-06-29 11:00:00,947,42,A14,11,12,35,2020,06
305,2020-06-29 07:00:00,947,44,B18,7,8,35,2020,06
306,2020-06-29 08:00:00,361,5,B18,8,9,35,2020,06
307,2020-06-29 09:00:00,779,17,B18,9,10,35,2020,06
308,2020-06-29 10:00:00,769,9,B18,10,11,35,2020,06
309,2020-06-29 07:00:00,478,45,B17,7,8,35,2020,06
310,2020-06-29 08:00:00,779,1,B17,8,9,35,2020,06
311,2020-06-29 07:00:00,687,19,B16,7,8,35,2020,06
312,2020-06-29 08:00:00,781,16,B16,8,9,35,2020,06
313,2020-06-29 09:00:00,361,8,B16,9,10,35,2020,06
314,2020-06-29 11:00:00,781,46,B16,11,12,35,2020,06
315,2020-06-29 12:00:00,843,4,B16,12,13,35,2020,06
316,2020-06-29 13:00:00,348,14,B16,13,14,35,2020,06
317,2020-06-29 14:00:00,843,18,B16,14,15,35,2020,06
318,2020-06-29 09:00:00,843,3,B15,9,10,35,2020,06
319,2020-06-29 10:00:00,843,47,B15,10,11,35,2020,06
320,2020-06-29 12:00:00,361,15,B15,12,13,35,2020,06
321,2020-06-29 14:00:00,361,2,B15,14,15,35,2020,06
322,2020-06-29 10:00:00,256,11,B14,10,11,35,2020,06
323,2020-06-29 13:00:00,478,48,B14,13,14,35,2020,06
324,2020-06-29 15:00:00,478,10,B14,15,16,35,2020,06
325,2020-06-29 07:00:00,779,17,C18,7,8,35,2020,06
326,2020-06-29 13:00:00,843,9,C18,13,14,35,2020,06
327,2020-06-29 14:00:00,769,5,C18,14,15,35,2020,06
328,2020-06-29 15:00:00,947,50,C18,15,16,35,2020,06
329,2020-06-29 09:00:00,687,1,C17,9,10,35,2020,06
330,2020-06-29 15:00:00,361,51,C17,15,16,35,2020,06
331,2020-06-29 09:00:00,781,16,C16,9,10,35,2020,06
332,2020-06-29 10:00:00,687,8,C16,10,11,35,2020,06
333,2020-06-29 11:00:00,256,52,C16,11,12,35,2020,06
334,2020-06-29 16:00:00,348,4,C16,16,17,35,2020,06
335,2020-06-29 17:00:00,779,14,C16,17,18,35,2020,06
336,2020-06-29 18:00:00,256,18,C16,18,19,35,2020,06
337,2020-06-29 11:00:00,687,3,C15,11,12,35,2020,06
338,2020-06-29 16:00:00,256,15,C15,16,17,35,2020,06
339,2020-06-29 18:00:00,769,2,C15,18,19,35,2020,06
340,2020-06-29 10:00:00,361,54,C14,10,11,35,2020,06
341,2020-06-29 12:00:00,256,11,C14,12,13,35,2020,06
342,2020-06-30 07:00:00,256,9,A18,7,8,35,2020,06
343,2020-06-30 08:00:00,348,17,A18,8,9,35,2020,06
344,2020-06-30 09:00:00,779,5,A18,9,10,35,2020,06
345,2020-06-30 10:00:00,348,38,A18,10,11,35,2020,06
346,2020-06-30 07:00:00,348,1,A17,7,8,35,2020,06
347,2020-06-30 08:00:00,947,39,A17,8,9,35,2020,06
348,2020-06-30 07:00:00,843,40,A16,7,8,35,2020,06
349,2020-06-30 08:00:00,779,8,A16,8,9,35,2020,06
350,2020-06-30 09:00:00,843,4,A16,9,10,35,2020,06
351,2020-06-30 10:00:00,779,14,A16,10,11,35,2020,06
352,2020-06-30 11:00:00,843,18,A16,11,12,35,2020,06
353,2020-06-30 12:00:00,478,19,A16,12,13,35,2020,06
354,2020-06-30 13:00:00,781,16,A16,13,14,35,2020,06
355,2020-06-30 07:00:00,769,3,A15,7,8,35,2020,06
356,2020-06-30 08:00:00,478,2,A15,8,9,35,2020,06
357,2020-06-30 09:00:00,769,15,A15,9,10,35,2020,06
358,2020-06-30 10:00:00,256,41,A15,10,11,35,2020,06
359,2020-06-30 07:00:00,361,10,A14,7,8,35,2020,06
360,2020-06-30 08:00:00,769,11,A14,8,9,35,2020,06
361,2020-06-30 11:00:00,361,42,A14,11,12,35,2020,06
362,2020-06-30 07:00:00,947,44,B18,7,8,35,2020,06
363,2020-06-30 08:00:00,256,5,B18,8,9,35,2020,06
364,2020-06-30 09:00:00,781,17,B18,9,10,35,2020,06
365,2020-06-30 10:00:00,947,9,B18,10,11,35,2020,06
366,2020-06-30 07:00:00,781,45,B17,7,8,35,2020,06
367,2020-06-30 08:00:00,687,1,B17,8,9,35,2020,06
368,2020-06-30 07:00:00,687,19,B16,7,8,35,2020,06
369,2020-06-30 08:00:00,781,16,B16,8,9,35,2020,06
370,2020-06-30 09:00:00,256,8,B16,9,10,35,2020,06
371,2020-06-30 11:00:00,478,46,B16,11,12,35,2020,06
372,2020-06-30 12:00:00,769,4,B16,12,13,35,2020,06
373,2020-06-30 13:00:00,348,14,B16,13,14,35,2020,06
374,2020-06-30 14:00:00,348,18,B16,14,15,35,2020,06
375,2020-06-30 09:00:00,361,3,B15,9,10,35,2020,06
376,2020-06-30 10:00:00,478,47,B15,10,11,35,2020,06
377,2020-06-30 12:00:00,947,15,B15,12,13,35,2020,06
378,2020-06-30 14:00:00,478,2,B15,14,15,35,2020,06
379,2020-06-30 10:00:00,843,11,B14,10,11,35,2020,06
380,2020-06-30 13:00:00,361,48,B14,13,14,35,2020,06
381,2020-06-30 15:00:00,348,10,B14,15,16,35,2020,06
382,2020-06-30 07:00:00,779,17,C18,7,8,35,2020,06
383,2020-06-30 13:00:00,687,9,C18,13,14,35,2020,06
384,2020-06-30 14:00:00,843,5,C18,14,15,35,2020,06
385,2020-06-30 15:00:00,779,50,C18,15,16,35,2020,06
386,2020-06-30 09:00:00,947,1,C17,9,10,35,2020,06
387,2020-06-30 15:00:00,687,51,C17,15,16,35,2020,06
388,2020-06-30 09:00:00,687,16,C16,9,10,35,2020,06
389,2020-06-30 10:00:00,781,8,C16,10,11,35,2020,06
390,2020-06-30 11:00:00,348,52,C16,11,12,35,2020,06
391,2020-06-30 16:00:00,947,4,C16,16,17,35,2020,06
392,2020-06-30 17:00:00,769,14,C16,17,18,35,2020,06
393,2020-06-30 18:00:00,256,18,C16,18,19,35,2020,06
394,2020-06-30 11:00:00,687,3,C15,11,12,35,2020,06
395,2020-06-30 16:00:00,769,15,C15,16,17,35,2020,06
396,2020-06-30 18:00:00,843,2,C15,18,19,35,2020,06
397,2020-06-30 10:00:00,687,54,C14,10,11,35,2020,06
398,2020-06-30 12:00:00,687,11,C14,12,13,35,2020,06
399,2020-09-01 07:00:00,769,1,A18,7,8,35,2020,09
400,2020-09-01 08:00:00,687,56,A18,8,9,35,2020,09
401,2020-09-01 07:00:00,348,8,A17,7,8,35,2020,09
402,2020-09-01 08:00:00,769,4,A17,8,9,35,2020,09
403,2020-09-01 09:00:00,769,14,A17,9,10,35,2020,09
404,2020-09-01 10:00:00,687,18,A17,10,11,35,2020,09
405,2020-09-01 11:00:00,348,57,A17,11,12,35,2020,09
406,2020-09-01 12:00:00,781,19,A17,12,13,35,2020,09
407,2020-09-01 13:00:00,361,16,A17,13,14,35,2020,09
408,2020-09-01 07:00:00,361,3,A16,7,8,35,2020,09
409,2020-09-01 08:00:00,256,58,A16,8,9,35,2020,09
410,2020-09-01 09:00:00,779,15,A16,9,10,35,2020,09
411,2020-09-01 10:00:00,947,2,A16,10,11,35,2020,09
412,2020-09-01 07:00:00,478,10,A15,7,8,35,2020,09
413,2020-09-01 08:00:00,348,11,A15,8,9,35,2020,09
414,2020-09-01 09:00:00,361,59,A15,9,10,35,2020,09
415,2020-09-01 08:00:00,478,62,B18,8,9,35,2020,09
416,2020-09-01 09:00:00,947,1,B18,9,10,35,2020,09
417,2020-09-01 07:00:00,781,18,B17,7,8,35,2020,09
418,2020-09-01 08:00:00,843,16,B17,8,9,35,2020,09
419,2020-09-01 09:00:00,843,8,B17,9,10,35,2020,09
420,2020-09-01 10:00:00,256,19,B17,10,11,35,2020,09
421,2020-09-01 11:00:00,361,4,B17,11,12,35,2020,09
422,2020-09-01 12:00:00,779,14,B17,12,13,35,2020,09
423,2020-09-01 14:00:00,781,63,B17,14,15,35,2020,09
424,2020-09-01 07:00:00,256,64,B16,7,8,35,2020,09
425,2020-09-01 08:00:00,361,15,B16,8,9,35,2020,09
426,2020-09-01 09:00:00,687,3,B16,9,10,35,2020,09
427,2020-09-01 13:00:00,687,2,B16,13,14,35,2020,09
428,2020-09-01 08:00:00,779,65,B15,8,9,35,2020,09
429,2020-09-01 10:00:00,769,11,B15,10,11,35,2020,09
430,2020-09-01 14:00:00,947,10,B15,14,15,35,2020,09
431,2020-09-01 09:00:00,781,68,C18,9,10,35,2020,09
432,2020-09-01 10:00:00,478,1,C18,10,11,35,2020,09
433,2020-09-01 07:00:00,843,16,C17,7,8,35,2020,09
434,2020-09-01 10:00:00,361,8,C17,10,11,35,2020,09
435,2020-09-01 11:00:00,478,19,C17,11,12,35,2020,09
436,2020-09-01 12:00:00,478,18,C17,12,13,35,2020,09
437,2020-09-01 13:00:00,781,69,C17,13,14,35,2020,09
438,2020-09-01 15:00:00,843,4,C17,15,16,35,2020,09
439,2020-09-01 16:00:00,348,14,C17,16,17,35,2020,09
440,2020-09-01 11:00:00,769,3,C16,11,12,35,2020,09
441,2020-09-01 12:00:00,769,70,C16,12,13,35,2020,09
442,2020-09-01 14:00:00,769,15,C16,14,15,35,2020,09
443,2020-09-01 17:00:00,781,2,C16,17,18,35,2020,09
444,2020-09-01 12:00:00,947,11,C15,12,13,35,2020,09
445,2020-09-01 18:00:00,478,10,C15,18,19,35,2020,09
446,2020-09-02 07:00:00,769,1,A18,7,8,35,2020,09
447,2020-09-02 08:00:00,478,56,A18,8,9,35,2020,09
448,2020-09-02 07:00:00,348,8,A17,7,8,35,2020,09
449,2020-09-02 08:00:00,348,4,A17,8,9,35,2020,09
450,2020-09-02 09:00:00,348,14,A17,9,10,35,2020,09
451,2020-09-02 10:00:00,843,18,A17,10,11,35,2020,09
452,2020-09-02 11:00:00,478,57,A17,11,12,35,2020,09
453,2020-09-02 12:00:00,779,19,A17,12,13,35,2020,09
454,2020-09-02 13:00:00,769,16,A17,13,14,35,2020,09
455,2020-09-02 07:00:00,256,58,A16,7,8,35,2020,09
456,2020-09-02 08:00:00,687,3,A16,8,9,35,2020,09
457,2020-09-02 09:00:00,779,15,A16,9,10,35,2020,09
458,2020-09-02 10:00:00,348,2,A16,10,11,35,2020,09
459,2020-09-02 07:00:00,779,11,A15,7,8,35,2020,09
460,2020-09-02 08:00:00,361,59,A15,8,9,35,2020,09
461,2020-09-02 11:00:00,769,10,A15,11,12,35,2020,09
462,2020-09-02 08:00:00,779,62,B18,8,9,35,2020,09
463,2020-09-02 09:00:00,478,1,B18,9,10,35,2020,09
464,2020-09-02 07:00:00,781,4,B17,7,8,35,2020,09
465,2020-09-02 08:00:00,947,18,B17,8,9,35,2020,09
466,2020-09-02 09:00:00,687,8,B17,9,10,35,2020,09
467,2020-09-02 10:00:00,256,19,B17,10,11,35,2020,09
468,2020-09-02 11:00:00,947,16,B17,11,12,35,2020,09
469,2020-09-02 12:00:00,361,14,B17,12,13,35,2020,09
470,2020-09-02 14:00:00,256,63,B17,14,15,35,2020,09
471,2020-09-02 07:00:00,947,15,B16,7,8,35,2020,09
472,2020-09-02 09:00:00,947,3,B16,9,10,35,2020,09
473,2020-09-02 11:00:00,361,64,B16,11,12,35,2020,09
474,2020-09-02 13:00:00,478,2,B16,13,14,35,2020,09
475,2020-09-02 08:00:00,781,65,B15,8,9,35,2020,09
476,2020-09-02 10:00:00,947,11,B15,10,11,35,2020,09
477,2020-09-02 14:00:00,478,10,B15,14,15,35,2020,09
478,2020-09-02 07:00:00,843,68,C18,7,8,35,2020,09
479,2020-09-02 10:00:00,361,1,C18,10,11,35,2020,09
480,2020-09-02 07:00:00,687,16,C17,7,8,35,2020,09
481,2020-09-02 09:00:00,843,19,C17,9,10,35,2020,09
482,2020-09-02 10:00:00,478,8,C17,10,11,35,2020,09
483,2020-09-02 12:00:00,843,18,C17,12,13,35,2020,09
484,2020-09-02 13:00:00,947,69,C17,13,14,35,2020,09
485,2020-09-02 15:00:00,256,4,C17,15,16,35,2020,09
486,2020-09-02 16:00:00,361,14,C17,16,17,35,2020,09
487,2020-09-02 11:00:00,781,3,C16,11,12,35,2020,09
488,2020-09-02 12:00:00,947,70,C16,12,13,35,2020,09
489,2020-09-02 14:00:00,781,15,C16,14,15,35,2020,09
490,2020-09-02 17:00:00,947,2,C16,17,18,35,2020,09
491,2020-09-02 12:00:00,256,11,C15,12,13,35,2020,09
492,2020-09-02 18:00:00,348,10,C15,18,19,35,2020,09
493,2020-09-03 07:00:00,769,1,A18,7,8,35,2020,09
494,2020-09-03 08:00:00,687,56,A18,8,9,35,2020,09
495,2020-09-03 07:00:00,348,8,A17,7,8,35,2020,09
496,2020-09-03 08:00:00,478,4,A17,8,9,35,2020,09
497,2020-09-03 09:00:00,769,14,A17,9,10,35,2020,09
498,2020-09-03 10:00:00,781,18,A17,10,11,35,2020,09
499,2020-09-03 11:00:00,781,57,A17,11,12,35,2020,09
500,2020-09-03 12:00:00,687,19,A17,12,13,35,2020,09
501,2020-09-03 13:00:00,843,16,A17,13,14,35,2020,09
502,2020-09-03 07:00:00,781,58,A16,7,8,35,2020,09
503,2020-09-03 08:00:00,361,3,A16,8,9,35,2020,09
504,2020-09-03 09:00:00,779,15,A16,9,10,35,2020,09
505,2020-09-03 10:00:00,348,2,A16,10,11,35,2020,09
506,2020-09-03 07:00:00,256,11,A15,7,8,35,2020,09
507,2020-09-03 08:00:00,769,59,A15,8,9,35,2020,09
508,2020-09-03 11:00:00,478,10,A15,11,12,35,2020,09
509,2020-09-03 08:00:00,256,62,B18,8,9,35,2020,09
510,2020-09-03 09:00:00,687,1,B18,9,10,35,2020,09
511,2020-09-03 07:00:00,947,4,B17,7,8,35,2020,09
512,2020-09-03 08:00:00,947,18,B17,8,9,35,2020,09
513,2020-09-03 09:00:00,478,8,B17,9,10,35,2020,09
514,2020-09-03 10:00:00,947,19,B17,10,11,35,2020,09
515,2020-09-03 11:00:00,361,16,B17,11,12,35,2020,09
516,2020-09-03 12:00:00,947,14,B17,12,13,35,2020,09
517,2020-09-03 14:00:00,947,63,B17,14,15,35,2020,09
518,2020-09-03 07:00:00,687,15,B16,7,8,35,2020,09
519,2020-09-03 09:00:00,781,3,B16,9,10,35,2020,09
520,2020-09-03 11:00:00,256,64,B16,11,12,35,2020,09
521,2020-09-03 13:00:00,478,2,B16,13,14,35,2020,09
522,2020-09-03 08:00:00,348,65,B15,8,9,35,2020,09
523,2020-09-03 10:00:00,769,11,B15,10,11,35,2020,09
524,2020-09-03 14:00:00,348,10,B15,14,15,35,2020,09
525,2020-09-03 07:00:00,843,68,C18,7,8,35,2020,09
526,2020-09-03 10:00:00,361,1,C18,10,11,35,2020,09
527,2020-09-03 07:00:00,478,16,C17,7,8,35,2020,09
528,2020-09-03 09:00:00,947,19,C17,9,10,35,2020,09
529,2020-09-03 10:00:00,779,8,C17,10,11,35,2020,09
530,2020-09-03 12:00:00,769,18,C17,12,13,35,2020,09
531,2020-09-03 13:00:00,348,69,C17,13,14,35,2020,09
532,2020-09-03 15:00:00,781,4,C17,15,16,35,2020,09
533,2020-09-03 16:00:00,361,14,C17,16,17,35,2020,09
534,2020-09-03 11:00:00,348,3,C16,11,12,35,2020,09
535,2020-09-03 12:00:00,781,70,C16,12,13,35,2020,09
536,2020-09-03 14:00:00,779,15,C16,14,15,35,2020,09
537,2020-09-03 17:00:00,769,2,C16,17,18,35,2020,09
538,2020-09-03 12:00:00,348,11,C15,12,13,35,2020,09
539,2020-09-03 18:00:00,781,10,C15,18,19,35,2020,09
540,2020-09-04 07:00:00,256,1,A18,7,8,35,2020,09
541,2020-09-04 08:00:00,843,56,A18,8,9,35,2020,09
542,2020-09-04 07:00:00,779,8,A17,7,8,35,2020,09
543,2020-09-04 08:00:00,779,4,A17,8,9,35,2020,09
544,2020-09-04 09:00:00,361,14,A17,9,10,35,2020,09
545,2020-09-04 10:00:00,769,18,A17,10,11,35,2020,09
546,2020-09-04 11:00:00,947,57,A17,11,12,35,2020,09
547,2020-09-04 12:00:00,843,19,A17,12,13,35,2020,09
548,2020-09-04 13:00:00,769,16,A17,13,14,35,2020,09
549,2020-09-04 07:00:00,361,3,A16,7,8,35,2020,09
550,2020-09-04 08:00:00,478,58,A16,8,9,35,2020,09
551,2020-09-04 09:00:00,947,15,A16,9,10,35,2020,09
552,2020-09-04 10:00:00,687,2,A16,10,11,35,2020,09
553,2020-09-04 07:00:00,478,10,A15,7,8,35,2020,09
554,2020-09-04 08:00:00,781,11,A15,8,9,35,2020,09
555,2020-09-04 09:00:00,478,59,A15,9,10,35,2020,09
556,2020-09-04 08:00:00,687,62,B18,8,9,35,2020,09
557,2020-09-04 09:00:00,348,1,B18,9,10,35,2020,09
558,2020-09-04 07:00:00,947,18,B17,7,8,35,2020,09
559,2020-09-04 08:00:00,256,16,B17,8,9,35,2020,09
560,2020-09-04 09:00:00,687,8,B17,9,10,35,2020,09
561,2020-09-04 10:00:00,781,19,B17,10,11,35,2020,09
562,2020-09-04 11:00:00,781,4,B17,11,12,35,2020,09
563,2020-09-04 12:00:00,781,14,B17,12,13,35,2020,09
564,2020-09-04 14:00:00,361,63,B17,14,15,35,2020,09
565,2020-09-04 07:00:00,781,64,B16,7,8,35,2020,09
566,2020-09-04 08:00:00,348,15,B16,8,9,35,2020,09
567,2020-09-04 09:00:00,843,3,B16,9,10,35,2020,09
568,2020-09-04 13:00:00,348,2,B16,13,14,35,2020,09
569,2020-09-04 08:00:00,769,65,B15,8,9,35,2020,09
570,2020-09-04 10:00:00,947,11,B15,10,11,35,2020,09
571,2020-09-04 14:00:00,947,10,B15,14,15,35,2020,09
572,2020-09-04 09:00:00,769,68,C18,9,10,35,2020,09
573,2020-09-04 10:00:00,348,1,C18,10,11,35,2020,09
574,2020-09-04 07:00:00,348,16,C17,7,8,35,2020,09
575,2020-09-04 10:00:00,361,8,C17,10,11,35,2020,09
576,2020-09-04 11:00:00,779,19,C17,11,12,35,2020,09
577,2020-09-04 12:00:00,348,18,C17,12,13,35,2020,09
578,2020-09-04 13:00:00,947,69,C17,13,14,35,2020,09
579,2020-09-04 15:00:00,769,4,C17,15,16,35,2020,09
580,2020-09-04 16:00:00,769,14,C17,16,17,35,2020,09
581,2020-09-04 11:00:00,361,3,C16,11,12,35,2020,09
582,2020-09-04 12:00:00,947,70,C16,12,13,35,2020,09
583,2020-09-04 14:00:00,843,15,C16,14,15,35,2020,09
584,2020-09-04 17:00:00,361,2,C16,17,18,35,2020,09
585,2020-09-04 12:00:00,361,11,C15,12,13,35,2020,09
586,2020-09-04 18:00:00,478,10,C15,18,19,35,2020,09
587,2020-09-07 07:00:00,256,1,A18,7,8,35,2020,09
588,2020-09-07 08:00:00,781,56,A18,8,9,35,2020,09
589,2020-09-07 07:00:00,348,8,A17,7,8,35,2020,09
590,2020-09-07 08:00:00,687,4,A17,8,9,35,2020,09
591,2020-09-07 09:00:00,781,14,A17,9,10,35,2020,09
592,2020-09-07 10:00:00,478,18,A17,10,11,35,2020,09
593,2020-09-07 11:00:00,687,57,A17,11,12,35,2020,09
594,2020-09-07 12:00:00,947,19,A17,12,13,35,2020,09
595,2020-09-07 13:00:00,687,16,A17,13,14,35,2020,09
596,2020-09-07 07:00:00,361,3,A16,7,8,35,2020,09
597,2020-09-07 08:00:00,947,58,A16,8,9,35,2020,09
598,2020-09-07 09:00:00,478,15,A16,9,10,35,2020,09
599,2020-09-07 10:00:00,256,2,A16,10,11,35,2020,09
600,2020-09-07 07:00:00,947,10,A15,7,8,35,2020,09
601,2020-09-07 08:00:00,478,11,A15,8,9,35,2020,09
602,2020-09-07 09:00:00,361,59,A15,9,10,35,2020,09
603,2020-09-07 08:00:00,348,62,B18,8,9,35,2020,09
604,2020-09-07 09:00:00,256,1,B18,9,10,35,2020,09
605,2020-09-07 07:00:00,687,18,B17,7,8,35,2020,09
606,2020-09-07 08:00:00,843,16,B17,8,9,35,2020,09
607,2020-09-07 09:00:00,843,8,B17,9,10,35,2020,09
608,2020-09-07 10:00:00,348,19,B17,10,11,35,2020,09
609,2020-09-07 11:00:00,781,4,B17,11,12,35,2020,09
610,2020-09-07 12:00:00,779,14,B17,12,13,35,2020,09
611,2020-09-07 14:00:00,781,63,B17,14,15,35,2020,09
612,2020-09-07 07:00:00,478,64,B16,7,8,35,2020,09
613,2020-09-07 08:00:00,769,15,B16,8,9,35,2020,09
614,2020-09-07 09:00:00,769,3,B16,9,10,35,2020,09
615,2020-09-07 13:00:00,348,2,B16,13,14,35,2020,09
616,2020-09-07 08:00:00,779,65,B15,8,9,35,2020,09
617,2020-09-07 10:00:00,779,11,B15,10,11,35,2020,09
618,2020-09-07 14:00:00,256,10,B15,14,15,35,2020,09
619,2020-09-07 09:00:00,348,68,C18,9,10,35,2020,09
620,2020-09-07 10:00:00,843,1,C18,10,11,35,2020,09
621,2020-09-07 07:00:00,781,16,C17,7,8,35,2020,09
622,2020-09-07 10:00:00,361,8,C17,10,11,35,2020,09
623,2020-09-07 11:00:00,769,19,C17,11,12,35,2020,09
624,2020-09-07 12:00:00,843,18,C17,12,13,35,2020,09
625,2020-09-07 13:00:00,361,69,C17,13,14,35,2020,09
626,2020-09-07 15:00:00,779,4,C17,15,16,35,2020,09
627,2020-09-07 16:00:00,361,14,C17,16,17,35,2020,09
628,2020-09-07 11:00:00,256,3,C16,11,12,35,2020,09
629,2020-09-07 12:00:00,256,70,C16,12,13,35,2020,09
630,2020-09-07 14:00:00,779,15,C16,14,15,35,2020,09
631,2020-09-07 17:00:00,348,2,C16,17,18,35,2020,09
632,2020-09-07 12:00:00,769,11,C15,12,13,35,2020,09
633,2020-09-07 18:00:00,256,10,C15,18,19,35,2020,09
634,2020-09-08 07:00:00,781,1,A18,7,8,35,2020,09
635,2020-09-08 08:00:00,478,56,A18,8,9,35,2020,09
636,2020-09-08 07:00:00,779,8,A17,7,8,35,2020,09
637,2020-09-08 08:00:00,361,4,A17,8,9,35,2020,09
638,2020-09-08 09:00:00,348,14,A17,9,10,35,2020,09
639,2020-09-08 10:00:00,947,18,A17,10,11,35,2020,09
640,2020-09-08 11:00:00,781,57,A17,11,12,35,2020,09
641,2020-09-08 12:00:00,781,19,A17,12,13,35,2020,09
642,2020-09-08 13:00:00,947,16,A17,13,14,35,2020,09
643,2020-09-08 07:00:00,256,58,A16,7,8,35,2020,09
644,2020-09-08 08:00:00,687,3,A16,8,9,35,2020,09
645,2020-09-08 09:00:00,361,15,A16,9,10,35,2020,09
646,2020-09-08 10:00:00,361,2,A16,10,11,35,2020,09
647,2020-09-08 07:00:00,947,11,A15,7,8,35,2020,09
648,2020-09-08 08:00:00,348,59,A15,8,9,35,2020,09
649,2020-09-08 11:00:00,843,10,A15,11,12,35,2020,09
650,2020-09-08 08:00:00,256,62,B18,8,9,35,2020,09
651,2020-09-08 09:00:00,256,1,B18,9,10,35,2020,09
652,2020-09-08 07:00:00,361,4,B17,7,8,35,2020,09
653,2020-09-08 08:00:00,779,18,B17,8,9,35,2020,09
654,2020-09-08 09:00:00,478,8,B17,9,10,35,2020,09
655,2020-09-08 10:00:00,843,19,B17,10,11,35,2020,09
656,2020-09-08 11:00:00,947,16,B17,11,12,35,2020,09
657,2020-09-08 12:00:00,256,14,B17,12,13,35,2020,09
658,2020-09-08 14:00:00,348,63,B17,14,15,35,2020,09
659,2020-09-08 07:00:00,769,15,B16,7,8,35,2020,09
660,2020-09-08 09:00:00,769,3,B16,9,10,35,2020,09
661,2020-09-08 11:00:00,687,64,B16,11,12,35,2020,09
662,2020-09-08 13:00:00,361,2,B16,13,14,35,2020,09
663,2020-09-08 08:00:00,781,65,B15,8,9,35,2020,09
664,2020-09-08 10:00:00,769,11,B15,10,11,35,2020,09
665,2020-09-08 14:00:00,779,10,B15,14,15,35,2020,09
666,2020-09-08 07:00:00,478,68,C18,7,8,35,2020,09
667,2020-09-08 10:00:00,478,1,C18,10,11,35,2020,09
668,2020-09-08 07:00:00,348,16,C17,7,8,35,2020,09
669,2020-09-08 09:00:00,779,19,C17,9,10,35,2020,09
670,2020-09-08 10:00:00,781,8,C17,10,11,35,2020,09
671,2020-09-08 12:00:00,779,18,C17,12,13,35,2020,09
672,2020-09-08 13:00:00,769,69,C17,13,14,35,2020,09
673,2020-09-08 15:00:00,947,4,C17,15,16,35,2020,09
674,2020-09-08 16:00:00,361,14,C17,16,17,35,2020,09
675,2020-09-08 11:00:00,361,3,C16,11,12,35,2020,09
676,2020-09-08 12:00:00,361,70,C16,12,13,35,2020,09
677,2020-09-08 14:00:00,769,15,C16,14,15,35,2020,09
678,2020-09-08 17:00:00,947,2,C16,17,18,35,2020,09
679,2020-09-08 12:00:00,348,11,C15,12,13,35,2020,09
680,2020-09-08 18:00:00,256,10,C15,18,19,35,2020,09
681,2020-09-09 07:00:00,478,1,A18,7,8,35,2020,09
682,2020-09-09 08:00:00,256,56,A18,8,9,35,2020,09
683,2020-09-09 07:00:00,687,8,A17,7,8,35,2020,09
684,2020-09-09 08:00:00,843,4,A17,8,9,35,2020,09
685,2020-09-09 09:00:00,779,14,A17,9,10,35,2020,09
686,2020-09-09 10:00:00,769,18,A17,10,11,35,2020,09
687,2020-09-09 11:00:00,843,57,A17,11,12,35,2020,09
688,2020-09-09 12:00:00,361,19,A17,12,13,35,2020,09
689,2020-09-09 13:00:00,779,16,A17,13,14,35,2020,09
690,2020-09-09 07:00:00,769,58,A16,7,8,35,2020,09
691,2020-09-09 08:00:00,947,3,A16,8,9,35,2020,09
692,2020-09-09 09:00:00,348,15,A16,9,10,35,2020,09
693,2020-09-09 10:00:00,348,2,A16,10,11,35,2020,09
694,2020-09-09 07:00:00,947,11,A15,7,8,35,2020,09
695,2020-09-09 08:00:00,781,59,A15,8,9,35,2020,09
696,2020-09-09 11:00:00,256,10,A15,11,12,35,2020,09
697,2020-09-09 08:00:00,478,62,B18,8,9,35,2020,09
698,2020-09-09 09:00:00,769,1,B18,9,10,35,2020,09
699,2020-09-09 07:00:00,348,4,B17,7,8,35,2020,09
700,2020-09-09 08:00:00,769,18,B17,8,9,35,2020,09
701,2020-09-09 09:00:00,781,8,B17,9,10,35,2020,09
702,2020-09-09 10:00:00,478,19,B17,10,11,35,2020,09
703,2020-09-09 11:00:00,769,16,B17,11,12,35,2020,09
704,2020-09-09 12:00:00,781,14,B17,12,13,35,2020,09
705,2020-09-09 14:00:00,947,63,B17,14,15,35,2020,09
706,2020-09-09 07:00:00,843,15,B16,7,8,35,2020,09
707,2020-09-09 09:00:00,947,3,B16,9,10,35,2020,09
708,2020-09-09 11:00:00,781,64,B16,11,12,35,2020,09
709,2020-09-09 13:00:00,781,2,B16,13,14,35,2020,09
710,2020-09-09 08:00:00,687,65,B15,8,9,35,2020,09
711,2020-09-09 10:00:00,361,11,B15,10,11,35,2020,09
712,2020-09-09 14:00:00,781,10,B15,14,15,35,2020,09
713,2020-09-09 07:00:00,779,68,C18,7,8,35,2020,09
714,2020-09-09 10:00:00,779,1,C18,10,11,35,2020,09
715,2020-09-09 07:00:00,781,16,C17,7,8,35,2020,09
716,2020-09-09 09:00:00,478,19,C17,9,10,35,2020,09
717,2020-09-09 10:00:00,687,8,C17,10,11,35,2020,09
718,2020-09-09 12:00:00,348,18,C17,12,13,35,2020,09
719,2020-09-09 13:00:00,478,69,C17,13,14,35,2020,09
720,2020-09-09 15:00:00,843,4,C17,15,16,35,2020,09
721,2020-09-09 16:00:00,769,14,C17,16,17,35,2020,09
722,2020-09-09 11:00:00,361,3,C16,11,12,35,2020,09
723,2020-09-09 12:00:00,779,70,C16,12,13,35,2020,09
724,2020-09-09 14:00:00,361,15,C16,14,15,35,2020,09
725,2020-09-09 17:00:00,947,2,C16,17,18,35,2020,09
726,2020-09-09 12:00:00,769,11,C15,12,13,35,2020,09
727,2020-09-09 18:00:00,843,10,C15,18,19,35,2020,09
728,2020-09-10 07:00:00,779,1,A18,7,8,35,2020,09
729,2020-09-10 08:00:00,478,56,A18,8,9,35,2020,09
730,2020-09-10 07:00:00,769,8,A17,7,8,35,2020,09
731,2020-09-10 08:00:00,361,4,A17,8,9,35,2020,09
732,2020-09-10 09:00:00,361,14,A17,9,10,35,2020,09
733,2020-09-10 10:00:00,348,18,A17,10,11,35,2020,09
734,2020-09-10 11:00:00,348,57,A17,11,12,35,2020,09
735,2020-09-10 12:00:00,779,19,A17,12,13,35,2020,09
736,2020-09-10 13:00:00,348,16,A17,13,14,35,2020,09
737,2020-09-10 07:00:00,843,3,A16,7,8,35,2020,09
738,2020-09-10 08:00:00,687,58,A16,8,9,35,2020,09
739,2020-09-10 09:00:00,348,15,A16,9,10,35,2020,09
740,2020-09-10 10:00:00,947,2,A16,10,11,35,2020,09
741,2020-09-10 07:00:00,687,10,A15,7,8,35,2020,09
742,2020-09-10 08:00:00,348,11,A15,8,9,35,2020,09
743,2020-09-10 09:00:00,478,59,A15,9,10,35,2020,09
744,2020-09-10 08:00:00,769,62,B18,8,9,35,2020,09
745,2020-09-10 09:00:00,256,1,B18,9,10,35,2020,09
746,2020-09-10 07:00:00,361,18,B17,7,8,35,2020,09
747,2020-09-10 08:00:00,256,16,B17,8,9,35,2020,09
748,2020-09-10 09:00:00,947,8,B17,9,10,35,2020,09
749,2020-09-10 10:00:00,361,19,B17,10,11,35,2020,09
750,2020-09-10 11:00:00,781,4,B17,11,12,35,2020,09
751,2020-09-10 12:00:00,348,14,B17,12,13,35,2020,09
752,2020-09-10 14:00:00,843,63,B17,14,15,35,2020,09
753,2020-09-10 07:00:00,947,64,B16,7,8,35,2020,09
754,2020-09-10 08:00:00,779,15,B16,8,9,35,2020,09
755,2020-09-10 09:00:00,769,3,B16,9,10,35,2020,09
756,2020-09-10 13:00:00,256,2,B16,13,14,35,2020,09
757,2020-09-10 08:00:00,843,65,B15,8,9,35,2020,09
758,2020-09-10 10:00:00,779,11,B15,10,11,35,2020,09
759,2020-09-10 14:00:00,256,10,B15,14,15,35,2020,09
760,2020-09-10 09:00:00,687,68,C18,9,10,35,2020,09
761,2020-09-10 10:00:00,781,1,C18,10,11,35,2020,09
762,2020-09-10 07:00:00,256,16,C17,7,8,35,2020,09
763,2020-09-10 10:00:00,843,8,C17,10,11,35,2020,09
764,2020-09-10 11:00:00,256,19,C17,11,12,35,2020,09
765,2020-09-10 12:00:00,781,18,C17,12,13,35,2020,09
766,2020-09-10 13:00:00,361,69,C17,13,14,35,2020,09
767,2020-09-10 15:00:00,779,4,C17,15,16,35,2020,09
768,2020-09-10 16:00:00,769,14,C17,16,17,35,2020,09
769,2020-09-10 11:00:00,361,3,C16,11,12,35,2020,09
770,2020-09-10 12:00:00,361,70,C16,12,13,35,2020,09
771,2020-09-10 14:00:00,769,15,C16,14,15,35,2020,09
772,2020-09-10 17:00:00,843,2,C16,17,18,35,2020,09
773,2020-09-10 12:00:00,478,11,C15,12,13,35,2020,09
774,2020-09-10 18:00:00,348,10,C15,18,19,35,2020,09
